{"slug":"carwash","title":"Carwash","image":{"originalUrl":"https://storage.googleapis.com/rafiji-staging/images/categoryImage/carwash.png","originalUrl@2x":"https://storage.googleapis.com/rafiji-staging/images/categoryImage/carwash@2x.png","originalUrl@3x":"https://storage.googleapis.com/rafiji-staging/images/categoryImage/carwash@3x.png","originalUrl@4x":"https://storage.googleapis.com/rafiji-staging/images/categoryImage/carwash@4x.png","originalUrlPDF":"https://storage.googleapis.com/rafiji-staging/images/categoryImage/carwash.pdf","originalUrlSVG":"https://storage.googleapis.com/rafiji-staging/images/categoryImage/carwash.svg"},"slogan":"Like Day One!","description":"Our services are what you want!Book one of them.","checkout":{"paymentMethods":["cash","pos"],"scheduling":{"asapTitles":{"en":"As soon as possible!","ar":"As soon as possible!"},"scheduleTitles":{"en":"Schedule a Time","ar":"Schedule a Time"},"hasAsapFeature":true,"hasScheduleFeature":true,"hasReturnDate":false,"_id":"5f3d865c4e9376000ad03751","asapTitle":"As soon as possible!","scheduleTitle":"Schedule a Time","id":"5f3d865c4e9376000ad03751"},"extraNoteField":{"isEnable":false,"_id":"5f3d865c4e9376000ad03752","id":"5f3d865c4e9376000ad03752"}},"data":[{"titles":{"en":"Basic","ar":"Basic"},"subTitles":{"en":"Basic","ar":"Basic"},"shortDescriptions":{"en":"Exterior Wash","ar":"Exterior Wash"},"isActive":true,"sort":1,"isSpecial":false,"_id":"5e7a43bcd2dd69acb979d608","slug":"basic-carwash","coverImageId":"5e7a42d2d2dd69acb979d607","categoryId":"5e7a40aed2dd69acb979d605","basePrice":29,"listBasePrice":29,"coverImage":{"_id":"5e7a42d2d2dd69acb979d607","path":"images/serviceCoverImage","fileName":"15527a73-e489-4a65-8748-6db61ffc8958.jpg","type":"serviceCoverImage","thumbnails":{"has128x128":false,"has256x256":false,"has512x512":false},"createdAt":"2020-03-24T17:26:42.298Z","updatedAt":"2020-03-24T17:30:38.013Z","__v":0,"serviceId":"5e7a43bcd2dd69acb979d608","originalUrl":"https://storage.googleapis.com/rafiji-staging/images/serviceCoverImage/original_15527a73-e489-4a65-8748-6db61ffc8958.jpg","id":"5e7a42d2d2dd69acb979d607"},"image":{"originalUrl":"https://storage.googleapis.com/rafiji-staging/images/serviceImage/basic-carwash.png","originalUrl@2x":"https://storage.googleapis.com/rafiji-staging/images/serviceImage/basic-carwash@2x.png","originalUrl@3x":"https://storage.googleapis.com/rafiji-staging/images/serviceImage/basic-carwash@3x.png","originalUrl@4x":"https://storage.googleapis.com/rafiji-staging/images/serviceImage/basic-carwash@4x.png","originalUrlPDF":"https://storage.googleapis.com/rafiji-staging/images/serviceImage/basic-carwash.pdf","originalUrlSVG":"https://storage.googleapis.com/rafiji-staging/images/serviceImage/basic-carwash.svg"},"title":"Basic","subTitle":"Basic","shortDescription":"Exterior Wash","hasDiscount":false,"discountPercentage":0,"id":"5e7a43bcd2dd69acb979d608"},{"titles":{"en":"Eco","ar":"Eco"},"subTitles":{"en":"Eco","ar":"Eco"},"shortDescriptions":{"en":"Quick exterior steam wash","ar":"Quick exterior steam wash"},"isActive":true,"sort":2,"isSpecial":false,"_id":"5e7a4677d2dd69acb979d610","slug":"eco-carwash","coverImageId":"5e7a453fd2dd69acb979d60f","categoryId":"5e7a40aed2dd69acb979d605","basePrice":39,"listBasePrice":39,"coverImage":{"_id":"5e7a453fd2dd69acb979d60f","path":"images/serviceCoverImage","fileName":"28004b7d-4860-4133-bbcb-01a648dd5cf7.jpg","type":"serviceCoverImage","thumbnails":{"has128x128":false,"has256x256":false,"has512x512":false},"createdAt":"2020-03-24T17:37:03.637Z","updatedAt":"2020-03-24T17:42:21.009Z","__v":0,"serviceId":"5e7a4677d2dd69acb979d610","originalUrl":"https://storage.googleapis.com/rafiji-staging/images/serviceCoverImage/original_28004b7d-4860-4133-bbcb-01a648dd5cf7.jpg","id":"5e7a453fd2dd69acb979d60f"},"image":{"originalUrl":"https://storage.googleapis.com/rafiji-staging/images/serviceImage/eco-carwash.png","originalUrl@2x":"https://storage.googleapis.com/rafiji-staging/images/serviceImage/eco-carwash@2x.png","originalUrl@3x":"https://storage.googleapis.com/rafiji-staging/images/serviceImage/eco-carwash@3x.png","originalUrl@4x":"https://storage.googleapis.com/rafiji-staging/images/serviceImage/eco-carwash@4x.png","originalUrlPDF":"https://storage.googleapis.com/rafiji-staging/images/serviceImage/eco-carwash.pdf","originalUrlSVG":"https://storage.googleapis.com/rafiji-staging/images/serviceImage/eco-carwash.svg"},"title":"Eco","subTitle":"Eco","shortDescription":"Quick exterior steam wash","hasDiscount":false,"discountPercentage":0,"id":"5e7a4677d2dd69acb979d610"},{"titles":{"en":"Pro","ar":"Pro"},"subTitles":{"en":"Pro","ar":"Pro"},"shortDescriptions":{"en":"Interior, ring, tire, etc","ar":"Interior, ring, tire, etc"},"isActive":true,"sort":3,"isSpecial":false,"_id":"5e7a488bd2dd69acb979d61a","slug":"pro-carwash","coverImageId":"5e7a47dfd2dd69acb979d619","categoryId":"5e7a40aed2dd69acb979d605","basePrice":69,"listBasePrice":69,"coverImage":{"_id":"5e7a47dfd2dd69acb979d619","path":"images/serviceCoverImage","fileName":"600f1e25-7084-4317-be3a-26b943f7a7e8.jpg","type":"serviceCoverImage","thumbnails":{"has128x128":false,"has256x256":false,"has512x512":false},"createdAt":"2020-03-24T17:48:15.282Z","updatedAt":"2020-03-24T17:51:10.209Z","__v":0,"serviceId":"5e7a488bd2dd69acb979d61a","originalUrl":"https://storage.googleapis.com/rafiji-staging/images/serviceCoverImage/original_600f1e25-7084-4317-be3a-26b943f7a7e8.jpg","id":"5e7a47dfd2dd69acb979d619"},"image":{"originalUrl":"https://storage.googleapis.com/rafiji-staging/images/serviceImage/pro-carwash.png","originalUrl@2x":"https://storage.googleapis.com/rafiji-staging/images/serviceImage/pro-carwash@2x.png","originalUrl@3x":"https://storage.googleapis.com/rafiji-staging/images/serviceImage/pro-carwash@3x.png","originalUrl@4x":"https://storage.googleapis.com/rafiji-staging/images/serviceImage/pro-carwash@4x.png","originalUrlPDF":"https://storage.googleapis.com/rafiji-staging/images/serviceImage/pro-carwash.pdf","originalUrlSVG":"https://storage.googleapis.com/rafiji-staging/images/serviceImage/pro-carwash.svg"},"title":"Pro","subTitle":"Pro","shortDescription":"Interior, ring, tire, etc","hasDiscount":false,"discountPercentage":0,"id":"5e7a488bd2dd69acb979d61a"},{"titles":{"en":"VIP","ar":"VIP"},"subTitles":{"en":"VIP","ar":"VIP"},"shortDescriptions":{"en":"Interior & Exterior","ar":"Interior & Exterior"},"isActive":true,"sort":4,"isSpecial":true,"_id":"5e7a499cd2dd69acb979d628","slug":"vip-carwash","coverImageId":"5e7a48f3d2dd69acb979d627","categoryId":"5e7a40aed2dd69acb979d605","basePrice":149,"listBasePrice":149,"coverImage":{"_id":"5e7a48f3d2dd69acb979d627","path":"images/serviceCoverImage","fileName":"5e9af05b-6faa-4dd1-90c5-b8ea9639bbe9.jpg","type":"serviceCoverImage","thumbnails":{"has128x128":false,"has256x256":false,"has512x512":false},"createdAt":"2020-03-24T17:52:51.496Z","updatedAt":"2020-03-24T17:55:43.310Z","__v":0,"serviceId":"5e7a499cd2dd69acb979d628","originalUrl":"https://storage.googleapis.com/rafiji-staging/images/serviceCoverImage/original_5e9af05b-6faa-4dd1-90c5-b8ea9639bbe9.jpg","id":"5e7a48f3d2dd69acb979d627"},"image":{"originalUrl":"https://storage.googleapis.com/rafiji-staging/images/serviceImage/vip-carwash.png","originalUrl@2x":"https://storage.googleapis.com/rafiji-staging/images/serviceImage/vip-carwash@2x.png","originalUrl@3x":"https://storage.googleapis.com/rafiji-staging/images/serviceImage/vip-carwash@3x.png","originalUrl@4x":"https://storage.googleapis.com/rafiji-staging/images/serviceImage/vip-carwash@4x.png","originalUrlPDF":"https://storage.googleapis.com/rafiji-staging/images/serviceImage/vip-carwash.pdf","originalUrlSVG":"https://storage.googleapis.com/rafiji-staging/images/serviceImage/vip-carwash.svg"},"title":"VIP","subTitle":"VIP","shortDescription":"Interior & Exterior","hasDiscount":false,"discountPercentage":0,"id":"5e7a499cd2dd69acb979d628"}]}
