{"title":"Book Now!","subTitle":"You can book the desired service and get the best quality!","activeServices":[],"categories":[{"titles":{"en":"Carwash","ar":"Carwash"},"subTitles":{"en":"4 Packages","ar":"4 Packages"},"descriptions":{"en":"Our services are what you want!Book one of them.","ar":"Our services are what you want!Book one of them."},"shortDescriptions":{"en":"Basic | Eco | Pro | VIP","ar":"Basic | Eco | Pro | VIP"},"slogans":{"en":"Like Day One!","ar":"Like Day One!"},"isActive":true,"sort":0,"hasNewBadge":false,"_id":"5e7a40aed2dd69acb979d605","slug":"carwash","displayType":"subServices","title":"Carwash","subTitle":"4 Packages","description":"Our services are what you want!Book one of them.","shortDescription":"Basic | Eco | Pro | VIP","slogan":"Like Day One!","image":{"originalUrl":"https://storage.googleapis.com/rafiji-staging/images/categoryImage/carwash.png","originalUrl@2x":"https://storage.googleapis.com/rafiji-staging/images/categoryImage/carwash@2x.png","originalUrl@3x":"https://storage.googleapis.com/rafiji-staging/images/categoryImage/carwash@3x.png","originalUrl@4x":"https://storage.googleapis.com/rafiji-staging/images/categoryImage/carwash@4x.png","originalUrlPDF":"https://storage.googleapis.com/rafiji-staging/images/categoryImage/carwash.pdf","originalUrlSVG":"https://storage.googleapis.com/rafiji-staging/images/categoryImage/carwash.svg"},"id":"5e7a40aed2dd69acb979d605"},{"titles":{"en":"Laundry","ar":"Laundry"},"subTitles":{"en":"Hight Qulity","ar":"Hight Qulity"},"descriptions":{"en":"Clothes, Sheets, etc","ar":"Clothes, Sheets, etc"},"shortDescriptions":{"en":"Clothes, Sheets, etc","ar":"Clothes, Sheets, etc"},"isActive":true,"sort":1,"hasNewBadge":true,"_id":"5ee00230230c2d12f2903aa7","slug":"laundry","displayType":"priceList","title":"Laundry","subTitle":"Hight Qulity","description":"Clothes, Sheets, etc","shortDescription":"Clothes, Sheets, etc","image":{"originalUrl":"https://storage.googleapis.com/rafiji-staging/images/categoryImage/laundry.png","originalUrl@2x":"https://storage.googleapis.com/rafiji-staging/images/categoryImage/laundry@2x.png","originalUrl@3x":"https://storage.googleapis.com/rafiji-staging/images/categoryImage/laundry@3x.png","originalUrl@4x":"https://storage.googleapis.com/rafiji-staging/images/categoryImage/laundry@4x.png","originalUrlPDF":"https://storage.googleapis.com/rafiji-staging/images/categoryImage/laundry.pdf","originalUrlSVG":"https://storage.googleapis.com/rafiji-staging/images/categoryImage/laundry.svg"},"id":"5ee00230230c2d12f2903aa7"}],"promotions":[{"image":{"originalUrl":"https://storage.googleapis.com/rafiji-staging/images/promotions/travel.png"}},{"image":{"originalUrl":"https://storage.googleapis.com/rafiji-staging/images/promotions/movie.png"}}]}
